category,system,n,recall_any@1,recall_any@5,recall_all@5,mrr
single-session-user,naive_vector,64,0.8594,0.9375,0.9375,0.8837
single-session-user,vector_rerank,64,0.8125,0.9062,0.9062,0.8583
single-session-user,hybrid,64,0.9531,1.0,1.0,0.9693
single-session-assistant,naive_vector,56,0.9821,1.0,1.0,0.9911
single-session-assistant,vector_rerank,56,0.9821,1.0,1.0,0.9911
single-session-assistant,hybrid,56,1.0,1.0,1.0,1.0
single-session-preference,naive_vector,30,0.7,0.8667,0.8667,0.7918
single-session-preference,vector_rerank,30,0.7667,0.8333,0.8333,0.8103
single-session-preference,hybrid,30,0.7667,0.9333,0.9333,0.8261
multi-session,naive_vector,121,0.8595,0.9587,0.4132,0.9024
multi-session,vector_rerank,121,0.8182,0.9669,0.3802,0.877
multi-session,hybrid,121,0.9008,0.9752,0.4876,0.9316
temporal-reasoning,naive_vector,127,0.8189,0.9213,0.5354,0.8564
temporal-reasoning,vector_rerank,127,0.7795,0.8898,0.4488,0.8324
temporal-reasoning,hybrid,127,0.8583,0.9213,0.5984,0.8874
knowledge-update,naive_vector,72,0.9583,0.9722,0.7222,0.9676
knowledge-update,vector_rerank,72,0.9444,0.9722,0.6389,0.9564
knowledge-update,hybrid,72,0.9722,0.9722,0.8194,0.9769
