category,variant,n,recall_any@1,recall_any@5,recall_all@5,mrr,ndcg@10
single-session-user,naive_vector,64,0.8594,0.9375,0.9375,0.8837,0.9004
single-session-user,hybrid,64,0.9531,1.0,1.0,0.9693,0.9768
single-session-user,full,64,0.9219,0.9688,0.9688,0.9391,0.9498
single-session-user,no_temporal,64,0.9219,0.9688,0.9688,0.9391,0.9498
single-session-user,no_conflict,64,0.9219,0.9688,0.9688,0.9391,0.9498
single-session-user,no_freshness,64,0.9531,1.0,1.0,0.9693,0.9768
single-session-assistant,naive_vector,56,0.9821,1.0,1.0,0.9911,0.9934
single-session-assistant,hybrid,56,1.0,1.0,1.0,1.0,1.0
single-session-assistant,full,56,0.9821,1.0,1.0,0.9911,0.9934
single-session-assistant,no_temporal,56,0.9821,1.0,1.0,0.9911,0.9934
single-session-assistant,no_conflict,56,0.9821,1.0,1.0,0.9911,0.9934
single-session-assistant,no_freshness,56,1.0,1.0,1.0,1.0,1.0
single-session-preference,naive_vector,30,0.7,0.8667,0.8667,0.7918,0.8338
single-session-preference,hybrid,30,0.7333,0.9333,0.9333,0.8094,0.8403
single-session-preference,full,30,0.7,0.9667,0.9667,0.7928,0.8357
single-session-preference,no_temporal,30,0.7,0.9667,0.9667,0.7928,0.8357
single-session-preference,no_conflict,30,0.7,0.9667,0.9667,0.7928,0.8357
single-session-preference,no_freshness,30,0.7333,0.9333,0.9333,0.8094,0.8403
multi-session,naive_vector,121,0.8595,0.9587,0.4132,0.9024,0.785
multi-session,hybrid,121,0.9174,0.9752,0.4959,0.9399,0.8155
multi-session,full,121,0.8843,0.9587,0.4463,0.9151,0.7557
multi-session,no_temporal,121,0.8843,0.9587,0.4463,0.9151,0.7557
multi-session,no_conflict,121,0.8926,0.9669,0.4711,0.9216,0.7685
multi-session,no_freshness,121,0.9174,0.9752,0.4793,0.9399,0.8117
temporal-reasoning,naive_vector,127,0.8189,0.9213,0.5354,0.8564,0.7508
temporal-reasoning,hybrid,127,0.8583,0.9213,0.5984,0.8885,0.7873
temporal-reasoning,full,127,0.7008,0.8268,0.3386,0.7507,0.5968
temporal-reasoning,no_temporal,127,0.8346,0.9606,0.5512,0.8846,0.7485
temporal-reasoning,no_conflict,127,0.7008,0.8268,0.3543,0.7507,0.6006
temporal-reasoning,no_freshness,127,0.7165,0.7874,0.3543,0.7507,0.615
knowledge-update,naive_vector,72,0.9583,0.9722,0.7222,0.9676,0.8724
knowledge-update,hybrid,72,0.9722,0.9722,0.8194,0.9769,0.9074
knowledge-update,full,72,0.9583,1.0,0.6806,0.9757,0.8564
knowledge-update,no_temporal,72,0.9583,1.0,0.6806,0.9757,0.8592
knowledge-update,no_conflict,72,0.9583,1.0,0.7361,0.9757,0.8719
knowledge-update,no_freshness,72,0.9722,0.9722,0.7361,0.9769,0.8859
