category,system,n,correct,accuracy
abstention,naive_vector,30,30,1.0
knowledge-update,naive_vector,72,27,0.375
multi-session,naive_vector,121,8,0.0661
single-session-assistant,naive_vector,56,47,0.8393
single-session-preference,naive_vector,30,0,0.0
single-session-user,naive_vector,64,48,0.75
temporal-reasoning,naive_vector,127,9,0.0709
abstention,hybrid,30,29,0.9667
knowledge-update,hybrid,72,38,0.5278
multi-session,hybrid,121,11,0.0909
single-session-assistant,hybrid,56,45,0.8036
single-session-preference,hybrid,30,0,0.0
single-session-user,hybrid,64,51,0.7969
temporal-reasoning,hybrid,127,8,0.063
abstention,full,30,29,0.9667
knowledge-update,full,72,37,0.5139
multi-session,full,121,8,0.0661
single-session-assistant,full,56,47,0.8393
single-session-preference,full,30,0,0.0
single-session-user,full,64,53,0.8281
temporal-reasoning,full,127,3,0.0236
